SystemTime,ipAdress,symmetric,multiPointRelay,multiPointRelaySelector,willingness,twoHopNeighborCount
1466418473,10.0.0.4,TRUE,FALSE,TRUE,3,1
1466418473,10.0.0.6,TRUE,FALSE,TRUE,3,1
1466418473,10.0.0.3,TRUE,TRUE,TRUE,3,3
1466418504,10.0.0.4,TRUE,FALSE,TRUE,3,1
1466418504,10.0.0.6,TRUE,FALSE,TRUE,3,1
1466418504,10.0.0.3,TRUE,TRUE,FALSE,3,3
1466418535,10.0.0.4,TRUE,FALSE,TRUE,3,1
1466418535,10.0.0.6,TRUE,FALSE,TRUE,3,1
1466418535,10.0.0.3,TRUE,TRUE,FALSE,3,3
1466418566,10.0.0.4,TRUE,FALSE,TRUE,3,1
1466418566,10.0.0.6,TRUE,FALSE,TRUE,3,1
1466418566,10.0.0.3,TRUE,TRUE,FALSE,3,3
1466418592,10.0.0.4,TRUE,FALSE,TRUE,3,1
1466418592,10.0.0.6,TRUE,FALSE,TRUE,3,1
1466418592,10.0.0.3,TRUE,TRUE,FALSE,3,3
1466418592,10.0.0.2,FALSE,FALSE,FALSE,3,2
1466418623,10.0.0.4,TRUE,FALSE,TRUE,3,1
1466418623,10.0.0.6,TRUE,FALSE,TRUE,3,1
1466418623,10.0.0.3,TRUE,TRUE,TRUE,3,3
1466418623,10.0.0.2,FALSE,FALSE,FALSE,3,2
1466418654,10.0.0.4,TRUE,FALSE,TRUE,3,1
1466418654,10.0.0.6,TRUE,FALSE,TRUE,3,1
1466418654,10.0.0.3,TRUE,TRUE,TRUE,3,3
1466418685,10.0.0.4,TRUE,FALSE,TRUE,3,1
1466418685,10.0.0.6,TRUE,FALSE,TRUE,3,1
1466418685,10.0.0.3,TRUE,TRUE,TRUE,3,3
1466418716,10.0.0.4,TRUE,FALSE,TRUE,3,1
1466418716,10.0.0.6,TRUE,FALSE,TRUE,3,1
1466418716,10.0.0.3,TRUE,TRUE,TRUE,3,3
1466418762,10.0.0.4,TRUE,FALSE,TRUE,3,1
1466418762,10.0.0.6,TRUE,FALSE,TRUE,3,1
1466418762,10.0.0.3,TRUE,TRUE,TRUE,3,3
1466418773,10.0.0.4,TRUE,FALSE,TRUE,3,1
1466418773,10.0.0.6,TRUE,FALSE,TRUE,3,1
1466418773,10.0.0.3,TRUE,TRUE,TRUE,3,3
1466418804,10.0.0.4,TRUE,FALSE,TRUE,3,1
1466418804,10.0.0.6,TRUE,FALSE,TRUE,3,1
1466418804,10.0.0.3,TRUE,TRUE,TRUE,3,3
1466418835,10.0.0.4,TRUE,FALSE,TRUE,3,1
1466418835,10.0.0.6,TRUE,FALSE,TRUE,3,1
1466418835,10.0.0.3,TRUE,FALSE,TRUE,3,3
1466418835,10.0.0.2,TRUE,FALSE,FALSE,3,2
1466418866,10.0.0.4,TRUE,TRUE,TRUE,3,1
1466418866,10.0.0.6,TRUE,FALSE,TRUE,3,1
1466418866,10.0.0.3,TRUE,FALSE,TRUE,3,3
1466418866,10.0.0.2,TRUE,FALSE,FALSE,3,2
1466418892,10.0.0.4,TRUE,FALSE,TRUE,3,1
1466418892,10.0.0.6,TRUE,FALSE,TRUE,3,1
1466418892,10.0.0.3,TRUE,TRUE,TRUE,3,3
1466418923,10.0.0.4,TRUE,FALSE,TRUE,3,1
1466418923,10.0.0.6,TRUE,FALSE,TRUE,3,1
1466418923,10.0.0.3,TRUE,TRUE,TRUE,3,3
1466418954,10.0.0.4,TRUE,FALSE,TRUE,3,1
1466418954,10.0.0.6,TRUE,FALSE,TRUE,3,1
1466418954,10.0.0.3,TRUE,TRUE,TRUE,3,3
1466418985,10.0.0.4,TRUE,FALSE,TRUE,3,1
1466418985,10.0.0.6,TRUE,FALSE,TRUE,3,1
1466418985,10.0.0.3,TRUE,TRUE,TRUE,3,3
1466418985,10.0.0.2,FALSE,FALSE,FALSE,3,2
1466419016,10.0.0.4,TRUE,FALSE,TRUE,3,1
1466419016,10.0.0.6,TRUE,FALSE,TRUE,3,1
1466419016,10.0.0.3,TRUE,TRUE,TRUE,3,3
1466419042,10.0.0.4,TRUE,FALSE,TRUE,3,1
1466419042,10.0.0.6,TRUE,FALSE,TRUE,3,1
1466419042,10.0.0.3,TRUE,TRUE,TRUE,3,3
1466419042,10.0.0.2,FALSE,FALSE,FALSE,3,2
1466419073,10.0.0.4,TRUE,FALSE,TRUE,3,1
1466419073,10.0.0.6,TRUE,FALSE,TRUE,3,1
1466419073,10.0.0.3,TRUE,TRUE,TRUE,3,3
1466419104,10.0.0.4,TRUE,TRUE,TRUE,3,1
1466419104,10.0.0.6,TRUE,FALSE,TRUE,3,1
1466419104,10.0.0.3,TRUE,TRUE,TRUE,3,3
1466419135,10.0.0.4,TRUE,FALSE,TRUE,3,1
1466419135,10.0.0.6,TRUE,FALSE,TRUE,3,1
1466419135,10.0.0.3,TRUE,TRUE,TRUE,3,3
1466419135,10.0.0.2,FALSE,FALSE,FALSE,3,2
1466419166,10.0.0.4,TRUE,FALSE,TRUE,3,1
1466419166,10.0.0.6,TRUE,FALSE,TRUE,3,1
1466419166,10.0.0.3,TRUE,TRUE,TRUE,3,3
1466419192,10.0.0.4,TRUE,FALSE,TRUE,3,1
1466419192,10.0.0.6,TRUE,FALSE,TRUE,3,1
1466419192,10.0.0.3,TRUE,TRUE,TRUE,3,3
1466419223,10.0.0.4,TRUE,FALSE,TRUE,3,1
1466419223,10.0.0.6,TRUE,FALSE,TRUE,3,1
1466419223,10.0.0.3,TRUE,TRUE,TRUE,3,3
1466419223,10.0.0.2,FALSE,FALSE,FALSE,3,2
1466419254,10.0.0.4,TRUE,FALSE,TRUE,3,1
1466419254,10.0.0.6,TRUE,FALSE,TRUE,3,1
1466419254,10.0.0.3,TRUE,TRUE,TRUE,3,3
1466419285,10.0.0.4,TRUE,FALSE,TRUE,3,1
1466419285,10.0.0.6,TRUE,FALSE,TRUE,3,1
1466419285,10.0.0.3,TRUE,TRUE,TRUE,3,3
1466419317,10.0.0.4,TRUE,FALSE,TRUE,3,1
1466419317,10.0.0.6,TRUE,FALSE,TRUE,3,1
1466419317,10.0.0.3,TRUE,TRUE,TRUE,3,3
1466419342,10.0.0.4,TRUE,FALSE,TRUE,3,1
1466419342,10.0.0.6,TRUE,FALSE,TRUE,3,1
1466419342,10.0.0.3,TRUE,TRUE,TRUE,3,3
1466419373,10.0.0.4,TRUE,FALSE,TRUE,3,1
1466419373,10.0.0.6,TRUE,FALSE,TRUE,3,2
1466419373,10.0.0.3,TRUE,TRUE,FALSE,3,3
1466419404,10.0.0.4,TRUE,FALSE,TRUE,3,1
1466419404,10.0.0.6,TRUE,FALSE,TRUE,3,2
1466419404,10.0.0.3,TRUE,TRUE,FALSE,3,3
1466419404,10.0.0.2,FALSE,FALSE,FALSE,3,2
1466419435,10.0.0.4,TRUE,FALSE,TRUE,3,1
1466419435,10.0.0.6,TRUE,FALSE,TRUE,3,1
1466419435,10.0.0.3,TRUE,TRUE,FALSE,3,3
1466419466,10.0.0.4,TRUE,FALSE,TRUE,3,1
1466419466,10.0.0.6,TRUE,FALSE,TRUE,3,1
1466419466,10.0.0.3,TRUE,TRUE,TRUE,3,3
1466419466,10.0.0.2,FALSE,FALSE,FALSE,3,2
1466419492,10.0.0.4,TRUE,FALSE,TRUE,3,1
1466419492,10.0.0.6,TRUE,FALSE,TRUE,3,1
1466419492,10.0.0.3,TRUE,TRUE,TRUE,3,3
1466419492,10.0.0.2,FALSE,FALSE,FALSE,3,2
1466419523,10.0.0.4,TRUE,FALSE,TRUE,3,1
1466419523,10.0.0.6,TRUE,FALSE,TRUE,3,1
1466419523,10.0.0.3,TRUE,TRUE,TRUE,3,3
1466419554,10.0.0.4,TRUE,FALSE,TRUE,3,0
1466419554,10.0.0.6,TRUE,FALSE,TRUE,3,1
1466419554,10.0.0.3,TRUE,TRUE,TRUE,3,2
1466419554,10.0.0.2,FALSE,FALSE,FALSE,3,2
1466419585,10.0.0.4,TRUE,FALSE,TRUE,3,0
1466419585,10.0.0.6,TRUE,FALSE,TRUE,3,1
1466419585,10.0.0.3,TRUE,TRUE,TRUE,3,2
1466419585,10.0.0.2,FALSE,FALSE,FALSE,3,2
1466419616,10.0.0.4,TRUE,FALSE,TRUE,3,0
1466419616,10.0.0.6,TRUE,FALSE,TRUE,3,1
1466419616,10.0.0.3,TRUE,TRUE,TRUE,3,2
1466419642,10.0.0.4,TRUE,FALSE,TRUE,3,0
1466419642,10.0.0.6,TRUE,FALSE,TRUE,3,1
1466419642,10.0.0.3,TRUE,TRUE,TRUE,3,2
1466419642,10.0.0.2,FALSE,FALSE,FALSE,3,2
1466419673,10.0.0.4,TRUE,FALSE,TRUE,3,0
1466419673,10.0.0.6,TRUE,FALSE,TRUE,3,1
1466419673,10.0.0.3,TRUE,TRUE,TRUE,3,2
1466419704,10.0.0.4,TRUE,FALSE,TRUE,3,0
1466419704,10.0.0.6,TRUE,FALSE,TRUE,3,1
1466419704,10.0.0.3,TRUE,TRUE,TRUE,3,2
1466419735,10.0.0.4,FALSE,FALSE,FALSE,3,0
1466419735,10.0.0.6,TRUE,FALSE,TRUE,3,1
1466419735,10.0.0.3,TRUE,TRUE,TRUE,3,2
1466419766,10.0.0.4,TRUE,FALSE,FALSE,3,0
1466419766,10.0.0.6,TRUE,FALSE,TRUE,3,1
1466419766,10.0.0.3,TRUE,TRUE,TRUE,3,1
1466419792,10.0.0.4,TRUE,FALSE,TRUE,3,0
1466419792,10.0.0.6,TRUE,FALSE,TRUE,3,1
1466419792,10.0.0.3,TRUE,TRUE,TRUE,3,2
1466419823,10.0.0.4,TRUE,FALSE,TRUE,3,1
1466419823,10.0.0.6,TRUE,FALSE,TRUE,3,1
1466419823,10.0.0.3,TRUE,TRUE,TRUE,3,3
1466419854,10.0.0.4,TRUE,FALSE,TRUE,3,1
1466419854,10.0.0.6,TRUE,FALSE,TRUE,3,1
1466419854,10.0.0.3,TRUE,TRUE,TRUE,3,3
1466419886,10.0.0.4,TRUE,FALSE,TRUE,3,1
1466419886,10.0.0.6,TRUE,FALSE,TRUE,3,1
1466419886,10.0.0.3,TRUE,TRUE,TRUE,3,3
1466419886,10.0.0.2,FALSE,FALSE,FALSE,3,2
1466419917,10.0.0.4,TRUE,FALSE,TRUE,3,1
1466419917,10.0.0.6,TRUE,FALSE,TRUE,3,1
1466419917,10.0.0.3,TRUE,TRUE,TRUE,3,3
1466419942,10.0.0.4,TRUE,FALSE,TRUE,3,1
1466419942,10.0.0.6,TRUE,FALSE,TRUE,3,1
1466419942,10.0.0.3,TRUE,TRUE,TRUE,3,3
1466419974,10.0.0.4,TRUE,FALSE,TRUE,3,1
1466419974,10.0.0.6,TRUE,FALSE,TRUE,3,1
1466419974,10.0.0.3,TRUE,TRUE,TRUE,3,3
1466420005,10.0.0.4,TRUE,FALSE,TRUE,3,1
1466420005,10.0.0.6,TRUE,FALSE,TRUE,3,1
1466420005,10.0.0.3,TRUE,TRUE,TRUE,3,3
1466420005,10.0.0.2,TRUE,FALSE,FALSE,3,2
1466420036,10.0.0.4,TRUE,FALSE,TRUE,3,1
1466420036,10.0.0.6,TRUE,FALSE,TRUE,3,1
1466420036,10.0.0.3,TRUE,TRUE,TRUE,3,3
1466420036,10.0.0.2,TRUE,TRUE,FALSE,3,2
1466420067,10.0.0.4,TRUE,FALSE,TRUE,3,1
1466420067,10.0.0.6,TRUE,FALSE,TRUE,3,1
1466420067,10.0.0.3,TRUE,TRUE,TRUE,3,3
1466420067,10.0.0.2,FALSE,FALSE,FALSE,3,0
1466420093,10.0.0.4,TRUE,FALSE,TRUE,3,1
1466420093,10.0.0.6,TRUE,FALSE,TRUE,3,1
1466420093,10.0.0.3,TRUE,TRUE,TRUE,3,3
1466420124,10.0.0.4,TRUE,FALSE,TRUE,3,1
1466420124,10.0.0.6,TRUE,FALSE,TRUE,3,1
1466420124,10.0.0.3,TRUE,TRUE,TRUE,3,3
1466420155,10.0.0.4,TRUE,FALSE,TRUE,3,1
1466420155,10.0.0.6,TRUE,FALSE,TRUE,3,1
1466420155,10.0.0.3,TRUE,TRUE,TRUE,3,3
1466420186,10.0.0.4,TRUE,TRUE,TRUE,3,1
1466420186,10.0.0.6,TRUE,FALSE,TRUE,3,0
1466420186,10.0.0.3,TRUE,TRUE,TRUE,3,2
1466420217,10.0.0.4,TRUE,FALSE,TRUE,3,1
1466420217,10.0.0.6,TRUE,FALSE,TRUE,3,0
1466420217,10.0.0.3,TRUE,FALSE,TRUE,3,2
1466420217,10.0.0.2,TRUE,FALSE,FALSE,3,2
1466420243,10.0.0.4,TRUE,FALSE,TRUE,3,1
1466420243,10.0.0.6,TRUE,FALSE,TRUE,3,1
1466420243,10.0.0.3,TRUE,FALSE,TRUE,3,3
1466420243,10.0.0.2,TRUE,FALSE,FALSE,3,2
1466420274,10.0.0.4,TRUE,FALSE,TRUE,3,1
1466420274,10.0.0.6,TRUE,FALSE,TRUE,3,1
1466420274,10.0.0.3,TRUE,TRUE,TRUE,3,3
1466420305,10.0.0.4,TRUE,FALSE,TRUE,3,1
1466420305,10.0.0.6,TRUE,FALSE,TRUE,3,1
1466420305,10.0.0.3,TRUE,TRUE,TRUE,3,3
1466420336,10.0.0.4,TRUE,FALSE,TRUE,3,1
1466420336,10.0.0.6,TRUE,FALSE,TRUE,3,1
1466420336,10.0.0.3,TRUE,TRUE,TRUE,3,3
1466420367,10.0.0.4,TRUE,TRUE,TRUE,3,1
1466420367,10.0.0.6,TRUE,FALSE,TRUE,3,1
1466420367,10.0.0.3,TRUE,TRUE,TRUE,3,3
1466420367,10.0.0.2,FALSE,FALSE,FALSE,3,2
1466420393,10.0.0.4,TRUE,FALSE,TRUE,3,1
1466420393,10.0.0.6,TRUE,FALSE,TRUE,3,1
1466420393,10.0.0.3,TRUE,TRUE,TRUE,3,3
1466420393,10.0.0.2,FALSE,FALSE,FALSE,3,1
1466420424,10.0.0.4,TRUE,FALSE,TRUE,3,1
1466420424,10.0.0.6,TRUE,FALSE,TRUE,3,1
1466420424,10.0.0.3,TRUE,TRUE,TRUE,3,3
1466420455,10.0.0.4,TRUE,FALSE,TRUE,3,1
1466420455,10.0.0.6,TRUE,FALSE,TRUE,3,1
1466420455,10.0.0.3,TRUE,FALSE,TRUE,3,3
1466420455,10.0.0.2,TRUE,FALSE,FALSE,3,2
1466420486,10.0.0.4,TRUE,FALSE,TRUE,3,1
1466420486,10.0.0.6,TRUE,FALSE,TRUE,3,1
1466420486,10.0.0.3,TRUE,TRUE,TRUE,3,3
1466420486,10.0.0.2,FALSE,FALSE,FALSE,3,2
1466420517,10.0.0.4,TRUE,FALSE,TRUE,3,1
1466420517,10.0.0.6,TRUE,FALSE,TRUE,3,1
1466420517,10.0.0.3,TRUE,TRUE,TRUE,3,3
1466420517,10.0.0.2,FALSE,FALSE,FALSE,3,2
1466420543,10.0.0.4,TRUE,FALSE,TRUE,3,1
1466420543,10.0.0.6,TRUE,FALSE,TRUE,3,1
1466420543,10.0.0.3,TRUE,TRUE,TRUE,3,3
1466420543,10.0.0.2,FALSE,FALSE,FALSE,3,2
1466420574,10.0.0.4,TRUE,FALSE,TRUE,3,1
1466420574,10.0.0.6,TRUE,FALSE,TRUE,3,1
1466420574,10.0.0.3,TRUE,TRUE,TRUE,3,3
1466420574,10.0.0.2,FALSE,FALSE,FALSE,3,0
1466420605,10.0.0.4,TRUE,FALSE,TRUE,3,1
1466420605,10.0.0.6,TRUE,FALSE,TRUE,3,1
1466420605,10.0.0.3,TRUE,TRUE,TRUE,3,3
1466420605,10.0.0.2,FALSE,FALSE,FALSE,3,2
1466420636,10.0.0.4,TRUE,FALSE,TRUE,3,1
1466420636,10.0.0.6,TRUE,FALSE,TRUE,3,1
1466420636,10.0.0.3,TRUE,FALSE,TRUE,3,3
1466420636,10.0.0.2,TRUE,TRUE,FALSE,3,2
1466420667,10.0.0.4,TRUE,TRUE,TRUE,3,1
1466420667,10.0.0.6,TRUE,FALSE,TRUE,3,1
1466420667,10.0.0.3,TRUE,TRUE,TRUE,3,3
1466420667,10.0.0.2,FALSE,FALSE,FALSE,3,2
1466420693,10.0.0.4,TRUE,FALSE,TRUE,3,1
1466420693,10.0.0.6,TRUE,FALSE,TRUE,3,1
1466420693,10.0.0.3,TRUE,TRUE,TRUE,3,3
1466420724,10.0.0.4,TRUE,FALSE,TRUE,3,1
1466420724,10.0.0.6,TRUE,FALSE,TRUE,3,1
1466420724,10.0.0.3,TRUE,FALSE,TRUE,3,3
1466420724,10.0.0.2,TRUE,FALSE,FALSE,3,2
1466420755,10.0.0.4,TRUE,FALSE,TRUE,3,1
1466420755,10.0.0.6,TRUE,FALSE,TRUE,3,1
1466420755,10.0.0.3,TRUE,FALSE,TRUE,3,3
1466420755,10.0.0.2,TRUE,FALSE,FALSE,3,2
1466420786,10.0.0.4,TRUE,FALSE,TRUE,3,1
1466420786,10.0.0.6,TRUE,FALSE,TRUE,3,1
1466420786,10.0.0.3,TRUE,TRUE,TRUE,3,3
1466420817,10.0.0.4,TRUE,FALSE,TRUE,3,1
1466420817,10.0.0.6,TRUE,FALSE,TRUE,3,1
1466420817,10.0.0.3,TRUE,FALSE,TRUE,3,3
1466420817,10.0.0.2,TRUE,FALSE,FALSE,3,2
1466420843,10.0.0.4,TRUE,FALSE,TRUE,3,1
1466420843,10.0.0.6,TRUE,FALSE,TRUE,3,1
1466420843,10.0.0.3,TRUE,TRUE,TRUE,3,3
1466420843,10.0.0.2,FALSE,FALSE,FALSE,3,0
1466420874,10.0.0.4,TRUE,FALSE,TRUE,3,1
1466420874,10.0.0.6,TRUE,FALSE,TRUE,3,1
1466420874,10.0.0.3,TRUE,TRUE,TRUE,3,3
1466420905,10.0.0.4,TRUE,FALSE,TRUE,3,1
1466420905,10.0.0.6,TRUE,FALSE,TRUE,3,1
1466420905,10.0.0.3,TRUE,TRUE,FALSE,3,3
1466420905,10.0.0.2,FALSE,FALSE,FALSE,3,2
1466420936,10.0.0.4,TRUE,FALSE,TRUE,3,1
1466420936,10.0.0.6,TRUE,FALSE,TRUE,3,1
1466420936,10.0.0.3,TRUE,TRUE,FALSE,3,3
1466420967,10.0.0.4,TRUE,FALSE,TRUE,3,1
1466420967,10.0.0.6,TRUE,FALSE,TRUE,3,1
1466420967,10.0.0.3,TRUE,TRUE,TRUE,3,3
1466420993,10.0.0.4,TRUE,FALSE,TRUE,3,1
1466420993,10.0.0.6,TRUE,FALSE,TRUE,3,1
1466420993,10.0.0.3,TRUE,TRUE,TRUE,3,3
1466421024,10.0.0.4,TRUE,FALSE,TRUE,3,1
1466421024,10.0.0.6,TRUE,FALSE,TRUE,3,1
1466421024,10.0.0.3,TRUE,TRUE,TRUE,3,3
1466421055,10.0.0.4,TRUE,FALSE,TRUE,3,1
1466421055,10.0.0.6,TRUE,FALSE,TRUE,3,1
1466421055,10.0.0.3,TRUE,TRUE,TRUE,3,3
1466421086,10.0.0.4,TRUE,FALSE,TRUE,3,1
1466421086,10.0.0.6,TRUE,FALSE,TRUE,3,1
1466421086,10.0.0.3,TRUE,TRUE,TRUE,3,3
1466421118,10.0.0.4,TRUE,FALSE,TRUE,3,1
1466421118,10.0.0.6,TRUE,FALSE,TRUE,3,1
1466421118,10.0.0.3,TRUE,TRUE,TRUE,3,3
1466421143,10.0.0.4,TRUE,FALSE,TRUE,3,1
1466421143,10.0.0.6,TRUE,FALSE,TRUE,3,1
1466421143,10.0.0.3,TRUE,TRUE,TRUE,3,3
1466421175,10.0.0.4,TRUE,FALSE,TRUE,3,1
1466421175,10.0.0.6,TRUE,FALSE,TRUE,3,1
1466421175,10.0.0.3,TRUE,TRUE,TRUE,3,3
1466421206,10.0.0.4,TRUE,FALSE,TRUE,3,1
1466421206,10.0.0.6,TRUE,FALSE,TRUE,3,1
1466421206,10.0.0.3,TRUE,TRUE,TRUE,3,3
1466421237,10.0.0.4,TRUE,FALSE,TRUE,3,1
1466421237,10.0.0.6,TRUE,FALSE,TRUE,3,1
1466421237,10.0.0.3,TRUE,TRUE,TRUE,3,3
1466421268,10.0.0.4,TRUE,FALSE,TRUE,3,1
1466421268,10.0.0.6,TRUE,FALSE,TRUE,3,1
1466421268,10.0.0.3,TRUE,TRUE,FALSE,3,3
1466421294,10.0.0.4,TRUE,FALSE,TRUE,3,1
1466421294,10.0.0.6,TRUE,FALSE,TRUE,3,1
1466421294,10.0.0.3,TRUE,TRUE,TRUE,3,3
1466421325,10.0.0.4,TRUE,FALSE,TRUE,3,1
1466421325,10.0.0.6,TRUE,FALSE,TRUE,3,1
1466421325,10.0.0.3,TRUE,TRUE,TRUE,3,3
1466421356,10.0.0.4,TRUE,FALSE,TRUE,3,1
1466421356,10.0.0.6,TRUE,FALSE,TRUE,3,1
1466421356,10.0.0.3,TRUE,TRUE,TRUE,3,3
1466421387,10.0.0.4,TRUE,FALSE,TRUE,3,1
1466421387,10.0.0.6,TRUE,FALSE,TRUE,3,1
1466421387,10.0.0.3,TRUE,TRUE,TRUE,3,3
1466421418,10.0.0.4,TRUE,FALSE,TRUE,3,1
1466421418,10.0.0.6,TRUE,FALSE,TRUE,3,1
1466421418,10.0.0.3,TRUE,TRUE,TRUE,3,3
1466421444,10.0.0.4,TRUE,FALSE,TRUE,3,1
1466421444,10.0.0.6,TRUE,FALSE,TRUE,3,1
1466421444,10.0.0.3,TRUE,TRUE,TRUE,3,3
1466421475,10.0.0.4,TRUE,FALSE,TRUE,3,1
1466421475,10.0.0.6,TRUE,FALSE,TRUE,3,1
1466421475,10.0.0.3,TRUE,TRUE,TRUE,3,3
1466421506,10.0.0.4,TRUE,FALSE,TRUE,3,1
1466421506,10.0.0.6,TRUE,FALSE,TRUE,3,1
1466421506,10.0.0.3,TRUE,TRUE,TRUE,3,3
1466421537,10.0.0.4,TRUE,FALSE,TRUE,3,1
1466421537,10.0.0.6,TRUE,FALSE,TRUE,3,1
1466421537,10.0.0.3,TRUE,TRUE,TRUE,3,3
1466421568,10.0.0.4,TRUE,FALSE,TRUE,3,1
1466421568,10.0.0.6,TRUE,FALSE,TRUE,3,1
1466421568,10.0.0.3,TRUE,TRUE,TRUE,3,3
1466421594,10.0.0.4,TRUE,FALSE,TRUE,3,1
1466421594,10.0.0.6,TRUE,FALSE,TRUE,3,1
1466421594,10.0.0.3,TRUE,TRUE,TRUE,3,3
1466421625,10.0.0.4,TRUE,FALSE,TRUE,3,1
1466421625,10.0.0.6,TRUE,FALSE,TRUE,3,1
1466421625,10.0.0.3,TRUE,TRUE,TRUE,3,3
1466421656,10.0.0.4,TRUE,FALSE,TRUE,3,1
1466421656,10.0.0.6,TRUE,FALSE,TRUE,3,1
1466421656,10.0.0.3,TRUE,TRUE,TRUE,3,3
1466421687,10.0.0.4,TRUE,FALSE,TRUE,3,1
1466421687,10.0.0.6,TRUE,FALSE,TRUE,3,1
1466421687,10.0.0.3,TRUE,TRUE,TRUE,3,3
1466421744,10.0.0.4,TRUE,FALSE,TRUE,3,1
1466421744,10.0.0.6,TRUE,FALSE,TRUE,3,1
1466421744,10.0.0.3,TRUE,TRUE,TRUE,3,3
1466421775,10.0.0.4,TRUE,FALSE,TRUE,3,1
1466421775,10.0.0.6,TRUE,FALSE,TRUE,3,1
1466421775,10.0.0.3,TRUE,TRUE,TRUE,3,3
1466421806,10.0.0.4,TRUE,FALSE,TRUE,3,1
1466421806,10.0.0.6,TRUE,FALSE,TRUE,3,1
1466421806,10.0.0.3,TRUE,TRUE,TRUE,3,3
1466421837,10.0.0.4,TRUE,FALSE,TRUE,3,1
1466421837,10.0.0.6,TRUE,FALSE,TRUE,3,1
1466421837,10.0.0.3,TRUE,TRUE,TRUE,3,3
1466421894,10.0.0.4,TRUE,FALSE,TRUE,3,1
1466421894,10.0.0.6,TRUE,FALSE,TRUE,3,1
1466421894,10.0.0.3,TRUE,TRUE,TRUE,3,3
1466421925,10.0.0.4,TRUE,FALSE,TRUE,3,1
1466421925,10.0.0.6,TRUE,FALSE,TRUE,3,1
1466421925,10.0.0.3,TRUE,TRUE,TRUE,3,3
1466421956,10.0.0.4,TRUE,FALSE,TRUE,3,1
1466421956,10.0.0.6,TRUE,FALSE,TRUE,3,1
1466421956,10.0.0.3,TRUE,TRUE,TRUE,3,3
1466421987,10.0.0.4,TRUE,FALSE,TRUE,3,1
1466421987,10.0.0.6,TRUE,FALSE,TRUE,3,1
1466421987,10.0.0.3,TRUE,TRUE,TRUE,3,3
1466421987,10.0.0.2,FALSE,FALSE,FALSE,3,2
1466422044,10.0.0.4,TRUE,FALSE,TRUE,3,1
1466422044,10.0.0.6,TRUE,FALSE,TRUE,3,1
1466422044,10.0.0.3,TRUE,TRUE,TRUE,3,3
1466422075,10.0.0.4,TRUE,FALSE,TRUE,3,1
1466422075,10.0.0.6,TRUE,FALSE,TRUE,3,1
1466422075,10.0.0.3,TRUE,TRUE,TRUE,3,3
1466422075,10.0.0.2,FALSE,FALSE,FALSE,3,2
1466422106,10.0.0.4,TRUE,FALSE,TRUE,3,1
1466422106,10.0.0.6,TRUE,FALSE,TRUE,3,1
1466422106,10.0.0.3,TRUE,TRUE,TRUE,3,3
1466422137,10.0.0.4,TRUE,FALSE,TRUE,3,1
1466422137,10.0.0.6,TRUE,FALSE,TRUE,3,1
1466422137,10.0.0.3,TRUE,TRUE,TRUE,3,3
1466422163,10.0.0.4,TRUE,FALSE,TRUE,3,1
1466422163,10.0.0.6,TRUE,FALSE,TRUE,3,1
1466422163,10.0.0.3,TRUE,TRUE,TRUE,3,3
1466422194,10.0.0.4,TRUE,FALSE,TRUE,3,1
1466422194,10.0.0.6,TRUE,FALSE,TRUE,3,1
1466422194,10.0.0.3,TRUE,TRUE,TRUE,3,3
1466422194,10.0.0.2,FALSE,FALSE,FALSE,3,2
1466422225,10.0.0.4,TRUE,FALSE,TRUE,3,1
1466422225,10.0.0.6,TRUE,FALSE,TRUE,3,1
1466422225,10.0.0.3,TRUE,TRUE,TRUE,3,3
1466422257,10.0.0.4,TRUE,FALSE,TRUE,3,1
1466422257,10.0.0.6,TRUE,FALSE,TRUE,3,1
1466422257,10.0.0.3,TRUE,TRUE,TRUE,3,3
1466422288,10.0.0.4,TRUE,FALSE,TRUE,3,1
1466422288,10.0.0.6,TRUE,FALSE,TRUE,3,1
1466422288,10.0.0.3,TRUE,TRUE,TRUE,3,3
1466422313,10.0.0.4,TRUE,FALSE,TRUE,3,1
1466422313,10.0.0.6,TRUE,FALSE,TRUE,3,1
1466422313,10.0.0.3,TRUE,TRUE,TRUE,3,3
1466422344,10.0.0.4,TRUE,FALSE,TRUE,3,1
1466422344,10.0.0.6,TRUE,FALSE,TRUE,3,1
1466422344,10.0.0.3,TRUE,TRUE,TRUE,3,3
1466422376,10.0.0.4,TRUE,FALSE,TRUE,3,1
1466422376,10.0.0.6,TRUE,FALSE,TRUE,3,1
1466422376,10.0.0.3,TRUE,TRUE,TRUE,3,3
1466422407,10.0.0.4,TRUE,FALSE,TRUE,3,1
1466422407,10.0.0.6,TRUE,FALSE,TRUE,3,1
1466422407,10.0.0.3,TRUE,TRUE,TRUE,3,3
1466422438,10.0.0.4,TRUE,FALSE,TRUE,3,1
1466422438,10.0.0.6,TRUE,FALSE,TRUE,3,1
1466422438,10.0.0.3,TRUE,TRUE,TRUE,3,3
1466422464,10.0.0.4,TRUE,FALSE,TRUE,3,2
1466422464,10.0.0.6,TRUE,FALSE,TRUE,3,2
1466422464,10.0.0.3,TRUE,TRUE,TRUE,3,3
1466422495,10.0.0.4,TRUE,FALSE,TRUE,3,1
1466422495,10.0.0.6,TRUE,FALSE,TRUE,3,2
1466422495,10.0.0.3,TRUE,TRUE,TRUE,3,3
1466422526,10.0.0.4,TRUE,FALSE,TRUE,3,2
1466422526,10.0.0.6,TRUE,FALSE,TRUE,3,2
1466422526,10.0.0.3,TRUE,TRUE,TRUE,3,3
1466422557,10.0.0.4,TRUE,FALSE,TRUE,3,1
1466422557,10.0.0.6,TRUE,FALSE,TRUE,3,1
1466422557,10.0.0.3,TRUE,TRUE,TRUE,3,3
1466422588,10.0.0.4,TRUE,FALSE,TRUE,3,1
1466422588,10.0.0.6,TRUE,FALSE,TRUE,3,1
1466422588,10.0.0.3,TRUE,TRUE,TRUE,3,3
1466422614,10.0.0.4,TRUE,FALSE,TRUE,3,1
1466422614,10.0.0.6,TRUE,FALSE,TRUE,3,1
1466422614,10.0.0.3,TRUE,TRUE,TRUE,3,3
1466422645,10.0.0.4,TRUE,FALSE,TRUE,3,1
1466422645,10.0.0.6,TRUE,FALSE,TRUE,3,1
1466422645,10.0.0.3,TRUE,TRUE,TRUE,3,3
1466422676,10.0.0.4,TRUE,FALSE,TRUE,3,1
1466422676,10.0.0.6,TRUE,FALSE,TRUE,3,1
1466422676,10.0.0.3,TRUE,TRUE,FALSE,3,3
1466422676,10.0.0.2,FALSE,FALSE,FALSE,3,2
1466422707,10.0.0.4,TRUE,FALSE,TRUE,3,1
1466422707,10.0.0.6,TRUE,FALSE,TRUE,3,1
1466422707,10.0.0.3,TRUE,TRUE,FALSE,3,3
1466422738,10.0.0.4,TRUE,FALSE,TRUE,3,1
1466422738,10.0.0.6,TRUE,FALSE,TRUE,3,1
1466422738,10.0.0.3,TRUE,TRUE,FALSE,3,3
1466422738,10.0.0.2,FALSE,FALSE,FALSE,3,2
1466422764,10.0.0.4,TRUE,FALSE,TRUE,3,1
1466422764,10.0.0.6,TRUE,FALSE,TRUE,3,1
1466422764,10.0.0.3,TRUE,TRUE,FALSE,3,3
1466422795,10.0.0.4,TRUE,FALSE,TRUE,3,1
1466422795,10.0.0.6,TRUE,FALSE,TRUE,3,1
1466422795,10.0.0.3,TRUE,TRUE,FALSE,3,3
1466422826,10.0.0.4,TRUE,FALSE,TRUE,3,1
1466422826,10.0.0.6,TRUE,FALSE,TRUE,3,1
1466422826,10.0.0.3,TRUE,TRUE,TRUE,3,3
1466422826,10.0.0.2,FALSE,FALSE,FALSE,3,2
1466422857,10.0.0.4,TRUE,FALSE,TRUE,3,1
1466422857,10.0.0.6,TRUE,FALSE,TRUE,3,1
1466422857,10.0.0.3,TRUE,TRUE,TRUE,3,3
1466422888,10.0.0.4,TRUE,FALSE,TRUE,3,1
1466422888,10.0.0.6,TRUE,FALSE,TRUE,3,1
1466422888,10.0.0.3,TRUE,FALSE,TRUE,3,3
1466422888,10.0.0.2,TRUE,FALSE,FALSE,3,2
1466422914,10.0.0.4,TRUE,FALSE,TRUE,3,1
1466422914,10.0.0.6,TRUE,FALSE,TRUE,3,1
1466422914,10.0.0.3,TRUE,FALSE,TRUE,3,3
1466422914,10.0.0.2,TRUE,FALSE,FALSE,3,2
1466422945,10.0.0.4,TRUE,FALSE,TRUE,3,1
1466422945,10.0.0.6,TRUE,FALSE,TRUE,3,1
1466422945,10.0.0.3,TRUE,TRUE,TRUE,3,3
1466422976,10.0.0.4,TRUE,FALSE,TRUE,3,1
1466422976,10.0.0.6,TRUE,FALSE,TRUE,3,1
1466422976,10.0.0.3,TRUE,TRUE,TRUE,3,3
1466423007,10.0.0.4,TRUE,FALSE,TRUE,3,1
1466423007,10.0.0.6,TRUE,FALSE,TRUE,3,1
1466423007,10.0.0.3,TRUE,TRUE,TRUE,3,3
1466423038,10.0.0.4,TRUE,FALSE,TRUE,3,1
1466423038,10.0.0.6,TRUE,FALSE,TRUE,3,1
1466423038,10.0.0.3,TRUE,TRUE,TRUE,3,3
1466423064,10.0.0.4,TRUE,FALSE,TRUE,3,1
1466423064,10.0.0.6,TRUE,FALSE,TRUE,3,1
1466423064,10.0.0.3,TRUE,TRUE,TRUE,3,3
1466423095,10.0.0.4,TRUE,FALSE,TRUE,3,1
1466423095,10.0.0.6,TRUE,FALSE,TRUE,3,1
1466423095,10.0.0.3,TRUE,TRUE,TRUE,3,3
1466423126,10.0.0.4,FALSE,FALSE,FALSE,3,0
1466423126,10.0.0.6,TRUE,FALSE,TRUE,3,1
1466423126,10.0.0.3,TRUE,TRUE,TRUE,3,3
1466423157,10.0.0.4,TRUE,FALSE,TRUE,3,0
1466423157,10.0.0.6,TRUE,FALSE,TRUE,3,1
1466423157,10.0.0.3,TRUE,TRUE,TRUE,3,2
1466423188,10.0.0.4,TRUE,FALSE,TRUE,3,0
1466423188,10.0.0.6,TRUE,FALSE,TRUE,3,1
1466423188,10.0.0.3,TRUE,TRUE,TRUE,3,2
1466423188,10.0.0.2,FALSE,FALSE,FALSE,3,2
1466423214,10.0.0.4,TRUE,FALSE,TRUE,3,0
1466423214,10.0.0.6,TRUE,FALSE,TRUE,3,1
1466423214,10.0.0.3,TRUE,TRUE,TRUE,3,2
1466423245,10.0.0.4,TRUE,FALSE,TRUE,3,0
1466423245,10.0.0.6,TRUE,FALSE,TRUE,3,1
1466423245,10.0.0.3,TRUE,TRUE,TRUE,3,2
1466423276,10.0.0.4,TRUE,FALSE,TRUE,3,0
1466423276,10.0.0.6,TRUE,FALSE,TRUE,3,1
1466423276,10.0.0.3,TRUE,TRUE,TRUE,3,2
1466423307,10.0.0.4,TRUE,FALSE,TRUE,3,0
1466423307,10.0.0.6,TRUE,FALSE,TRUE,3,1
1466423307,10.0.0.3,TRUE,TRUE,TRUE,3,2
1466423338,10.0.0.4,TRUE,FALSE,TRUE,3,0
1466423338,10.0.0.6,TRUE,FALSE,TRUE,3,1
1466423338,10.0.0.3,TRUE,TRUE,TRUE,3,2
1466423395,10.0.0.4,TRUE,FALSE,TRUE,3,0
1466423395,10.0.0.6,TRUE,FALSE,TRUE,3,1
1466423395,10.0.0.3,TRUE,TRUE,TRUE,3,2
1466423395,10.0.0.2,FALSE,FALSE,FALSE,3,2
1466423426,10.0.0.4,TRUE,FALSE,TRUE,3,1
1466423426,10.0.0.6,TRUE,FALSE,TRUE,3,1
1466423426,10.0.0.3,TRUE,TRUE,TRUE,3,3
1466423457,10.0.0.4,TRUE,FALSE,TRUE,3,1
1466423457,10.0.0.6,TRUE,FALSE,TRUE,3,1
1466423457,10.0.0.3,TRUE,TRUE,TRUE,3,3
1466423488,10.0.0.4,TRUE,FALSE,TRUE,3,1
1466423488,10.0.0.6,TRUE,FALSE,TRUE,3,1
1466423488,10.0.0.3,TRUE,TRUE,TRUE,3,3
1466423488,10.0.0.2,FALSE,FALSE,FALSE,3,2
1466423545,10.0.0.4,TRUE,FALSE,TRUE,3,1
1466423545,10.0.0.6,TRUE,FALSE,TRUE,3,1
1466423545,10.0.0.3,TRUE,TRUE,FALSE,3,3
1466423576,10.0.0.4,TRUE,FALSE,TRUE,3,1
1466423576,10.0.0.6,TRUE,FALSE,TRUE,3,1
1466423576,10.0.0.3,TRUE,TRUE,TRUE,3,3
1466423607,10.0.0.4,TRUE,FALSE,TRUE,3,1
1466423607,10.0.0.6,TRUE,FALSE,TRUE,3,1
1466423607,10.0.0.3,TRUE,TRUE,TRUE,3,3
1466423638,10.0.0.4,TRUE,FALSE,TRUE,3,1
1466423638,10.0.0.6,TRUE,FALSE,TRUE,3,1
1466423638,10.0.0.3,TRUE,TRUE,TRUE,3,3
1466423669,10.0.0.4,TRUE,FALSE,TRUE,3,1
1466423669,10.0.0.6,TRUE,FALSE,TRUE,3,1
1466423669,10.0.0.3,TRUE,TRUE,TRUE,3,3
1466423695,10.0.0.4,TRUE,FALSE,TRUE,3,1
1466423695,10.0.0.6,TRUE,FALSE,TRUE,3,1
1466423695,10.0.0.3,TRUE,TRUE,TRUE,3,3
1466423726,10.0.0.4,TRUE,FALSE,TRUE,3,1
1466423726,10.0.0.6,TRUE,FALSE,TRUE,3,1
1466423726,10.0.0.3,TRUE,TRUE,TRUE,3,3
1466423757,10.0.0.4,TRUE,FALSE,TRUE,3,1
1466423757,10.0.0.6,TRUE,FALSE,TRUE,3,1
1466423757,10.0.0.3,TRUE,FALSE,TRUE,3,3
1466423757,10.0.0.2,TRUE,FALSE,FALSE,3,2
1466423788,10.0.0.4,TRUE,FALSE,TRUE,3,1
1466423788,10.0.0.6,TRUE,FALSE,TRUE,3,1
1466423788,10.0.0.3,TRUE,TRUE,FALSE,3,3
1466423819,10.0.0.4,TRUE,FALSE,TRUE,3,1
1466423819,10.0.0.6,TRUE,FALSE,TRUE,3,1
1466423819,10.0.0.3,TRUE,TRUE,FALSE,3,3
1466423819,10.0.0.2,FALSE,FALSE,FALSE,3,2
1466423845,10.0.0.4,TRUE,FALSE,TRUE,3,1
1466423845,10.0.0.6,TRUE,FALSE,TRUE,3,1
1466423845,10.0.0.3,TRUE,TRUE,TRUE,3,3
1466423845,10.0.0.2,FALSE,FALSE,FALSE,3,2
1466423876,10.0.0.4,TRUE,FALSE,TRUE,3,1
1466423876,10.0.0.6,TRUE,FALSE,TRUE,3,1
1466423876,10.0.0.3,TRUE,FALSE,TRUE,3,3
1466423876,10.0.0.2,TRUE,FALSE,FALSE,3,2
1466423907,10.0.0.4,TRUE,FALSE,TRUE,3,1
1466423907,10.0.0.6,TRUE,FALSE,TRUE,3,1
1466423907,10.0.0.3,TRUE,TRUE,TRUE,3,3
1466423907,10.0.0.2,FALSE,FALSE,FALSE,3,2
1466423938,10.0.0.4,TRUE,FALSE,TRUE,3,1
1466423938,10.0.0.6,TRUE,FALSE,TRUE,3,1
1466423938,10.0.0.3,TRUE,TRUE,TRUE,3,3
1466423938,10.0.0.2,FALSE,FALSE,FALSE,3,2
1466423969,10.0.0.4,TRUE,FALSE,TRUE,3,1
1466423969,10.0.0.6,TRUE,FALSE,TRUE,3,1
1466423969,10.0.0.3,TRUE,TRUE,TRUE,3,3
1466423995,10.0.0.4,TRUE,FALSE,TRUE,3,1
1466423995,10.0.0.6,TRUE,FALSE,TRUE,3,1
1466423995,10.0.0.3,TRUE,TRUE,TRUE,3,3
1466424026,10.0.0.4,TRUE,FALSE,TRUE,3,1
1466424026,10.0.0.6,TRUE,FALSE,TRUE,3,1
1466424026,10.0.0.3,TRUE,TRUE,TRUE,3,3
1466424057,10.0.0.4,TRUE,FALSE,TRUE,3,1
1466424057,10.0.0.6,TRUE,FALSE,TRUE,3,1
1466424057,10.0.0.3,TRUE,TRUE,TRUE,3,3
1466424088,10.0.0.4,TRUE,FALSE,TRUE,3,1
1466424088,10.0.0.6,TRUE,FALSE,TRUE,3,1
1466424088,10.0.0.3,TRUE,TRUE,TRUE,3,3
1466424119,10.0.0.4,TRUE,FALSE,TRUE,3,1
1466424119,10.0.0.6,TRUE,FALSE,TRUE,3,1
1466424119,10.0.0.3,TRUE,TRUE,TRUE,3,3
1466424145,10.0.0.4,TRUE,FALSE,TRUE,3,1
1466424145,10.0.0.6,TRUE,FALSE,TRUE,3,1
1466424145,10.0.0.3,TRUE,TRUE,TRUE,3,3
1466424176,10.0.0.4,TRUE,FALSE,TRUE,3,1
1466424176,10.0.0.6,TRUE,FALSE,TRUE,3,1
1466424176,10.0.0.3,TRUE,FALSE,TRUE,3,3
1466424176,10.0.0.2,TRUE,FALSE,FALSE,3,2
1466424207,10.0.0.4,TRUE,FALSE,TRUE,3,1
1466424207,10.0.0.6,TRUE,FALSE,TRUE,3,1
1466424207,10.0.0.3,TRUE,TRUE,TRUE,3,3
1466424207,10.0.0.2,FALSE,FALSE,FALSE,3,2
1466424238,10.0.0.4,TRUE,FALSE,TRUE,3,1
1466424238,10.0.0.6,TRUE,FALSE,TRUE,3,1
1466424238,10.0.0.3,TRUE,FALSE,TRUE,3,3
1466424238,10.0.0.2,TRUE,FALSE,FALSE,3,2
1466424269,10.0.0.4,TRUE,FALSE,TRUE,3,1
1466424269,10.0.0.6,TRUE,FALSE,TRUE,3,1
1466424269,10.0.0.3,TRUE,TRUE,TRUE,3,3
1466424269,10.0.0.2,FALSE,FALSE,FALSE,3,2
1466424295,10.0.0.4,TRUE,FALSE,TRUE,3,1
1466424295,10.0.0.6,TRUE,FALSE,TRUE,3,1
1466424295,10.0.0.3,TRUE,TRUE,TRUE,3,3
1466424326,10.0.0.4,TRUE,FALSE,TRUE,3,1
1466424326,10.0.0.6,TRUE,FALSE,TRUE,3,1
1466424326,10.0.0.3,TRUE,TRUE,FALSE,3,3
1466424357,10.0.0.4,TRUE,FALSE,TRUE,3,1
1466424357,10.0.0.6,TRUE,FALSE,TRUE,3,1
1466424357,10.0.0.3,TRUE,TRUE,FALSE,3,3
1466424357,10.0.0.2,FALSE,FALSE,FALSE,3,2
1466424388,10.0.0.4,TRUE,FALSE,TRUE,3,1
1466424388,10.0.0.6,TRUE,FALSE,TRUE,3,1
1466424388,10.0.0.3,TRUE,TRUE,FALSE,3,3
1466424419,10.0.0.4,TRUE,FALSE,TRUE,3,1
1466424419,10.0.0.6,TRUE,FALSE,TRUE,3,1
1466424419,10.0.0.3,TRUE,TRUE,FALSE,3,3
1466424445,10.0.0.4,TRUE,FALSE,TRUE,3,1
1466424445,10.0.0.6,TRUE,FALSE,TRUE,3,1
1466424445,10.0.0.3,TRUE,TRUE,TRUE,3,3
1466424476,10.0.0.4,TRUE,FALSE,TRUE,3,1
1466424476,10.0.0.6,TRUE,FALSE,TRUE,3,1
1466424476,10.0.0.3,TRUE,TRUE,TRUE,3,3
1466424507,10.0.0.4,TRUE,FALSE,TRUE,3,1
1466424507,10.0.0.6,TRUE,FALSE,TRUE,3,1
1466424507,10.0.0.3,TRUE,TRUE,TRUE,3,3
1466424538,10.0.0.4,TRUE,FALSE,TRUE,3,1
1466424538,10.0.0.6,TRUE,FALSE,TRUE,3,1
1466424538,10.0.0.3,TRUE,TRUE,TRUE,3,3
1466424595,10.0.0.4,TRUE,FALSE,TRUE,3,1
1466424595,10.0.0.6,TRUE,FALSE,TRUE,3,1
1466424595,10.0.0.3,TRUE,TRUE,TRUE,3,3
1466424626,10.0.0.4,TRUE,FALSE,TRUE,3,1
1466424626,10.0.0.6,TRUE,FALSE,TRUE,3,1
1466424626,10.0.0.3,TRUE,TRUE,TRUE,3,3
1466424626,10.0.0.2,FALSE,FALSE,FALSE,3,2
1466424657,10.0.0.4,TRUE,FALSE,TRUE,3,1
1466424657,10.0.0.6,TRUE,FALSE,TRUE,3,1
1466424657,10.0.0.3,TRUE,TRUE,TRUE,3,3
1466424657,10.0.0.2,FALSE,FALSE,FALSE,3,2
1466424688,10.0.0.4,TRUE,FALSE,TRUE,3,1
1466424688,10.0.0.6,TRUE,FALSE,TRUE,3,1
1466424688,10.0.0.3,TRUE,TRUE,TRUE,3,3
1466424745,10.0.0.4,TRUE,FALSE,TRUE,3,1
1466424745,10.0.0.6,TRUE,FALSE,TRUE,3,1
1466424745,10.0.0.3,TRUE,TRUE,TRUE,3,3
1466424745,10.0.0.2,FALSE,FALSE,FALSE,3,2
1466424776,10.0.0.4,TRUE,FALSE,TRUE,3,1
1466424776,10.0.0.6,TRUE,FALSE,TRUE,3,1
1466424776,10.0.0.3,TRUE,TRUE,TRUE,3,3
1466424807,10.0.0.4,TRUE,FALSE,TRUE,3,1
1466424807,10.0.0.6,TRUE,FALSE,TRUE,3,1
1466424807,10.0.0.3,TRUE,TRUE,TRUE,3,3
1466424839,10.0.0.4,TRUE,FALSE,TRUE,3,1
1466424839,10.0.0.6,TRUE,FALSE,TRUE,3,1
1466424839,10.0.0.3,TRUE,TRUE,TRUE,3,3
1466424895,10.0.0.4,TRUE,FALSE,TRUE,3,1
1466424895,10.0.0.6,TRUE,FALSE,TRUE,3,1
1466424895,10.0.0.3,TRUE,TRUE,TRUE,3,3
1466424895,10.0.0.2,FALSE,FALSE,FALSE,3,2
1466424926,10.0.0.4,TRUE,FALSE,TRUE,3,1
1466424926,10.0.0.6,TRUE,FALSE,TRUE,3,1
1466424926,10.0.0.3,TRUE,TRUE,TRUE,3,3
1466424957,10.0.0.4,TRUE,FALSE,TRUE,3,1
1466424957,10.0.0.6,TRUE,FALSE,TRUE,3,1
1466424957,10.0.0.3,TRUE,TRUE,TRUE,3,3
1466424989,10.0.0.4,TRUE,FALSE,TRUE,3,1
1466424989,10.0.0.6,TRUE,FALSE,TRUE,3,1
1466424989,10.0.0.3,TRUE,TRUE,TRUE,3,3
1466425046,10.0.0.4,TRUE,FALSE,TRUE,3,1
1466425046,10.0.0.6,TRUE,FALSE,TRUE,3,1
1466425046,10.0.0.3,TRUE,TRUE,TRUE,3,3
1466425077,10.0.0.4,TRUE,FALSE,TRUE,3,1
1466425077,10.0.0.6,TRUE,FALSE,TRUE,3,1
1466425077,10.0.0.3,TRUE,TRUE,TRUE,3,3
1466425108,10.0.0.4,TRUE,FALSE,TRUE,3,1
1466425108,10.0.0.6,TRUE,FALSE,TRUE,3,1
1466425108,10.0.0.3,TRUE,TRUE,TRUE,3,3
1466425139,10.0.0.4,TRUE,FALSE,TRUE,3,1
1466425139,10.0.0.6,TRUE,FALSE,TRUE,3,1
1466425139,10.0.0.3,TRUE,TRUE,TRUE,3,3
1466425165,10.0.0.4,TRUE,FALSE,TRUE,3,1
1466425165,10.0.0.6,TRUE,FALSE,TRUE,3,1
1466425165,10.0.0.3,TRUE,TRUE,TRUE,3,3
1466425196,10.0.0.4,TRUE,FALSE,TRUE,3,1
1466425196,10.0.0.6,TRUE,FALSE,TRUE,3,1
1466425196,10.0.0.3,TRUE,TRUE,TRUE,3,3
1466425227,10.0.0.4,TRUE,FALSE,TRUE,3,1
1466425227,10.0.0.6,TRUE,FALSE,TRUE,3,1
1466425227,10.0.0.3,TRUE,TRUE,TRUE,3,3
1466425258,10.0.0.4,TRUE,FALSE,TRUE,3,1
1466425258,10.0.0.6,TRUE,FALSE,TRUE,3,1
1466425258,10.0.0.3,TRUE,TRUE,TRUE,3,3
1466425289,10.0.0.4,TRUE,FALSE,TRUE,3,1
1466425289,10.0.0.6,TRUE,FALSE,TRUE,3,1
1466425289,10.0.0.3,TRUE,TRUE,TRUE,3,3
1466425346,10.0.0.4,TRUE,FALSE,TRUE,3,1
1466425346,10.0.0.6,TRUE,FALSE,TRUE,3,1
1466425346,10.0.0.3,TRUE,TRUE,TRUE,3,3
1466425377,10.0.0.4,TRUE,FALSE,TRUE,3,1
1466425377,10.0.0.6,TRUE,FALSE,TRUE,3,1
1466425377,10.0.0.3,TRUE,TRUE,TRUE,3,3
1466425408,10.0.0.4,TRUE,FALSE,TRUE,3,1
1466425408,10.0.0.6,TRUE,FALSE,TRUE,3,1
1466425408,10.0.0.3,TRUE,TRUE,TRUE,3,3
1466425439,10.0.0.4,TRUE,FALSE,TRUE,3,1
1466425439,10.0.0.6,TRUE,FALSE,TRUE,3,1
1466425439,10.0.0.3,TRUE,TRUE,TRUE,3,3
1466425470,10.0.0.4,TRUE,FALSE,TRUE,3,1
1466425470,10.0.0.6,TRUE,FALSE,TRUE,3,1
1466425470,10.0.0.3,TRUE,TRUE,TRUE,3,3
1466425496,10.0.0.4,TRUE,FALSE,TRUE,3,1
1466425496,10.0.0.6,TRUE,FALSE,TRUE,3,1
1466425496,10.0.0.3,TRUE,TRUE,TRUE,3,3
1466425527,10.0.0.4,TRUE,FALSE,TRUE,3,1
1466425527,10.0.0.6,TRUE,FALSE,TRUE,3,1
1466425527,10.0.0.3,TRUE,TRUE,FALSE,3,3
1466425558,10.0.0.4,TRUE,FALSE,TRUE,3,1
1466425558,10.0.0.6,TRUE,FALSE,TRUE,3,1
1466425558,10.0.0.3,TRUE,TRUE,FALSE,3,3
1466425589,10.0.0.4,TRUE,TRUE,TRUE,3,1
1466425589,10.0.0.6,TRUE,FALSE,TRUE,3,1
1466425589,10.0.0.3,TRUE,TRUE,TRUE,3,3
1466425620,10.0.0.4,TRUE,FALSE,TRUE,3,1
1466425620,10.0.0.6,TRUE,FALSE,TRUE,3,1
1466425620,10.0.0.3,TRUE,TRUE,TRUE,3,3
1466425646,10.0.0.4,TRUE,FALSE,TRUE,3,1
1466425646,10.0.0.6,TRUE,FALSE,TRUE,3,1
1466425646,10.0.0.3,TRUE,TRUE,TRUE,3,3
